x	y	skill
11.193616288	10.2825679258	40855.0
10.1022508019	10.6327344408	40915.0
14.5209246855	0.7824013011	165002.0
14.7939062212	1.47622802574	164423.0
13.4036533699	0.388616900776	166253.0
-11.9420762587	-14.3322171515	189962.0
-9.27214644887	-14.6512720737	190341.0
-10.7310773592	-14.408858798	189691.0
0.133611491794	-3.34572792089	396251.0
1.93626035134	-3.80805811874	396583.0
0.255008389461	-3.17010590087	393258.0
0.769057485612	-3.06683650759	393638.0
13.7664022822	-8.43806572153	11947.0
14.4635333565	-8.88803795836	11917.0
0.33249094095	0.745384234987	15694.0
0.162192142691	0.914267820905	15711.0
-0.177976432281	12.3376366537	374352.0
1.20949499609	6.16995483758	395503.0
-0.506312273476	11.9331630349	46809.0
6.51817961275	-12.5618800738	392534.0
6.25263153572	-11.7068653	387425.0
-0.559444974818	-7.6411076237	394969.0
-1.09527535608	-8.68974814164	397869.0
17.2688914803	6.53166981691	389520.0
17.7910948903	6.92291835728	42671.0
3.68238631001	-1.34598064255	394595.0
5.69927157833	-0.283540971069	393381.0
-5.97426493998	-5.06703470178	347653.0
-6.62902179468	-5.06280130082	399038.0
-9.8891315221	16.2331733753	396562.0
6.82428211425	1.78062170804	390579.0
-10.1932455695	16.3906690777	399078.0
-10.2468816004	16.4285213689	396167.0
1.59530119137	-12.4255281673	399595.0
-6.39373046439	-10.1729976076	399393.0
-6.06714468155	-10.3168747904	398617.0
-6.62261778098	-10.070937256	395321.0
-6.54797711131	-10.1074125864	398033.0
-6.5881026067	-10.0896625504	399831.0
5.51583865428	9.37332733156	398011.0
5.75864131041	9.48758893249	397731.0
5.52100978467	9.37449652086	397763.0
5.36526297576	9.31026900646	401292.0
5.78965199576	9.50214584713	401282.0
5.7293561208	9.47345844879	400595.0
5.91325080213	9.56217278311	400169.0
5.87663992537	9.54369534113	399056.0
4.17339568172	-6.21612678556	400524.0
12.7229179411	8.47839538881	40866.0
12.717374781	7.51114340839	46820.0
12.5572015355	7.63639561181	46786.0
10.6603285219	10.040465121	40896.0
9.74549639327	-2.79902013113	166238.0
0.206993102665	-3.76389100623	397636.0
-0.238536481448	-3.32195345869	397634.0
7.80563200142	-2.94833003824	383098.0
14.4073507794	-8.85196977776	11831.0
14.833071919	-9.12661379133	11958.0
14.7566589926	-9.0776084683	11948.0
-0.599476113152	1.6393220919	15703.0
-0.615520677053	1.65478745105	15692.0
1.80840056507	11.4936671812	374434.0
1.33833612104	10.7419009086	374316.0
1.44636219626	11.0055738302	371093.0
2.20040123326	7.28957713789	383135.0
0.751534169777	7.5097010924	34959.0
1.95660457305	12.0600345291	370269.0
1.72124442478	11.1223637065	46775.0
3.80308681792	0.561625998876	382828.0
3.70790949824	-1.14226984457	374492.0
3.46677464063	-1.05342986026	396921.0
6.18779681359	-11.4881290471	398780.0
6.20049716254	-11.517241727	390434.0
3.72362008314	0.503292521914	374557.0
6.40604777487	-12.1894284063	389506.0
6.52271193368	-12.5742958704	399576.0
-0.722209460946	-7.6437104693	397916.0
-0.542416109649	-7.63429317241	396377.0
-1.18156814105	-8.72385888108	391452.0
-1.64534566635	-8.45409736291	398115.0
-6.84036301865	-5.05766496894	393964.0
-5.80028735646	-5.06517633453	396405.0
18.0756661875	7.13699542321	391409.0
18.1184007259	7.17523578009	387684.0
-10.0051655785	16.3152299727	399618.0
-9.84002929741	16.1962489024	390906.0
1.92515057239	-12.406057258	394527.0
1.83996863656	-12.4107390574	398519.0
1.66506004475	-12.4279553606	394179.0
6.53410295394	3.05104254981	396572.0
-6.49614775495	-10.1316257119	400500.0
1.72344621416	-12.4277038342	397189.0
-5.90689357183	-10.3841834567	400207.0
1.32799155029	-12.40039351	394522.0
1.90147917762	-12.4004257742	377415.0
-5.66288031446	-10.4802653786	394983.0
-9.84289910671	16.1871569405	396878.0
-10.1138086326	16.3846111962	396098.0
-6.29519989455	-10.2202533763	395226.0
-6.63605541037	-10.0661183953	397180.0
-6.18352643404	-10.2686522096	401403.0
-6.29807836616	-10.2195345672	401068.0
-5.95975057665	-10.3677369479	399548.0
12.3537221664	7.10031982669	46416.0
10.9330715132	10.1648915802	40555.0
-0.33011560113	1.38799759579	15654.0
0.10632856311	0.98742009646	15515.0
8.61979911659	-7.74924114637	15511.0
8.58481062166	-8.13918709179	15445.0
-2.17208183177	11.8376665266	42506.0
3.31778626523	5.55482391746	396342.0
3.2896605162	5.64586266755	400631.0
2.75717098308	6.55402808158	392538.0
-0.77956534008	12.9528255376	42747.0
6.41561403121	-12.2217664766	400623.0
-0.492859300779	-7.47374161171	398128.0
-2.20878987364	-8.24293908347	396077.0
-6.76245578528	-5.06067685205	397473.0
-6.16990108632	-5.06882630525	399174.0
-6.36391696361	-5.06628322044	342526.0
-6.87435837955	-5.05678750609	394994.0
6.55866143094	-12.7147784934	388481.0
6.49501268505	-12.4808582898	388484.0
-1.095166071	-7.56366853269	398122.0
-1.48558075519	-8.33068861623	396574.0
17.997149999	7.07193396334	387604.0
17.3898727766	6.63064051791	396148.0
-6.82888409785	-5.05855138507	340561.0
18.2835357719	7.29415347346	390455.0
17.7654457233	6.90724988142	368703.0
-6.22709858164	-5.06737927518	395518.0
-10.0170255205	16.3053535236	395717.0
-9.84784712559	16.2195540821	398573.0
-9.88371591035	16.2426592584	390587.0
-9.90107705655	16.2464862457	396569.0
-5.96525470129	-10.363945838	396150.0
7.36180668534	1.7439255781	31634.0
6.73596867202	2.4253388578	372288.0
7.20095553028	1.73775617269	370251.0
-9.99113141506	16.2851719898	388569.0
-10.3353801368	16.4898347098	396364.0
-6.55390971871	-10.1052767948	400936.0
10.2054412353	10.1933147871	40856.0
12.6106975005	7.24885021425	46619.0
11.8089003782	-7.40398409643	11940.0
6.19516611153	-11.5031856203	389455.0
6.26263161249	-11.7264567679	389419.0
6.26919557612	-11.751637262	391720.0
6.51490185174	-12.5546150664	390714.0
-1.63220652152	-7.96758129986	397624.0
-1.55477595337	-8.65331956061	398130.0
18.0424148278	7.11239741195	389475.0
-6.64292560542	-5.06145106881	400649.0
-9.84467102269	16.2058355009	396880.0
-9.82304943024	16.2125829939	400224.0
-18.2410268454	1.27463213705	110837.0
-17.833114839	2.79676958955	111374.0
-12.9337927622	3.63394271579	111998.0
-12.1727812387	0.545474954754	112033.0
-12.8952931312	2.24047372471	112032.0
-16.3754104973	-10.1418754473	111839.0
-16.0252469542	-9.32560393492	112093.0
-14.6179015002	-0.688776671923	112065.0
-17.0995760824	3.3877978285	110630.0
-17.4552291705	5.74029163466	111922.0
-16.8231779783	1.04785753393	110869.0
-12.3654962432	0.0899235009712	112012.0
-16.2878553501	-9.95726156739	111523.0
-12.4126854486	1.71135074161	111965.0
-15.3375364478	-5.50756094826	122310.0
-15.2961769933	-5.47597697173	122024.0
-14.0532752767	-6.64849672072	122123.0
-11.8848494757	-5.99745841057	394288.0
-15.1338866204	-5.53342254037	122150.0
-11.3548709811	-7.14778543128	395371.0
11.2858671574	-14.7973091373	396653.0
11.6188298166	-14.7389703231	396649.0
12.994269924	-14.4884119245	393980.0
12.8735949936	-14.5105693815	376784.0
12.2955757731	-14.615922435	390632.0
11.5402582841	-14.7522187963	396908.0
12.0401354491	-14.6623279218	376685.0
12.6968631394	-14.5429367288	390690.0
-3.50707047012	-14.71908161	390698.0
12.0938831267	-14.6526421883	382344.0
12.300500493	-14.6149960282	390676.0
12.0609313795	-14.6584692635	390678.0
12.0952982052	-14.6523651712	390745.0
12.2389543162	-14.6263107439	390669.0
11.9595197991	-14.6768433251	396648.0
12.6714855034	-14.5474915164	394242.0
11.7678685556	-14.7113756954	396650.0
11.7575276688	-14.7136403952	394809.0
12.3465228301	-14.6066248092	376660.0
12.674600145	9.49450297347	40843.0
9.72683442114	10.2940640456	40909.0
-8.77831886165	-15.8096387199	165970.0
-0.39142510141	11.1186457082	394214.0
0.380776657195	11.7736895306	374422.0
-2.52843317497	15.9123939191	42825.0
-2.12039358642	11.6063193266	46857.0
-2.43287837029	15.8142639354	42806.0
-2.46543274897	14.9347689863	42839.0
-2.74225162919	-8.07696728759	400308.0
17.9879147943	7.07219342735	389518.0
-6.46186977198	-5.06539023688	398367.0
-5.64201853094	-5.05841036447	395814.0
0.129035418517	-7.58336612877	394063.0
-0.633106257393	-7.86398863946	368430.0
7.17268131055	1.92090438738	32135.0
-9.89744802068	16.2341712643	370302.0
7.00419691495	1.91955318687	370180.0
-9.73520638552	16.141584612	396604.0
-10.0366886551	16.3066288758	401677.0
-12.7721293298	-0.734270960944	111779.0
-17.8953891514	2.9047065994	110917.0
-17.1408596088	3.35043300206	110761.0
-17.4159370462	4.96876708036	110738.0
-11.9681438	0.0474604561127	111815.0
-16.3077362665	-9.96426104554	112098.0
-14.572071578	-6.2311672061	122195.0
-15.2889546512	-5.5970428222	122287.0
-16.5069165534	-4.98298933674	121737.0
17.2570609857	-2.62452662053	390834.0
17.1524405379	-2.52345126974	389086.0
11.1158280123	2.93712701968	141503.0
10.604563466	3.4313553795	141434.0
11.2374067349	2.81942324048	141510.0
10.6236403831	3.41408925469	141569.0
11.1726272362	2.88170354082	141521.0
-4.86499233328	-1.20436065858	373074.0
-5.88398186627	-0.217869488277	371325.0
-5.26946430765	-0.715676531881	373099.0
-5.96726787874	1.64959408831	373115.0
-5.38393998811	-0.0793765679546	372794.0
-4.77339456313	-1.66808658861	375677.0
-5.86988586585	0.45572252187	375682.0
-4.7529796952	-1.46040409096	375761.0
17.8697044583	-4.83931047892	390831.0
-4.14278692061	5.39595356922	382781.0
-4.15540474362	5.38946874935	378871.0
10.0822525962	10.4703436735	40628.0
11.071527785	9.77487767136	40799.0
14.2637731076	0.329559856355	166254.0
14.3797677151	0.63089867961	165140.0
1.94913884284	-3.59284369331	396257.0
8.90031637111	-2.39705976622	396496.0
10.728795049	-2.13375794317	165917.0
-0.376862628056	-3.37399824629	396262.0
-9.93432011022	-14.4590305308	190309.0
14.8026703191	-9.10723722265	11951.0
11.1807412808	-7.44947063035	337534.0
10.2899906462	-7.47171205753	337610.0
-0.144645260967	1.22307613631	15540.0
-3.68115909942	12.6009592844	40459.0
1.37347875837	11.0374366035	383162.0
2.91437835134	5.72394050881	396481.0
6.26982209274	-11.7515035876	388603.0
-5.77000040017	-5.06561498541	396160.0
-5.83875445675	-5.06759760669	396854.0
18.0023363658	7.08722882365	390457.0
17.4373433461	6.66907949903	369244.0
0.514337393579	-6.88826401148	398437.0
-0.724529802646	-7.5433291783	396379.0
-2.87082518385	-8.24640389034	401023.0
4.1682036865	0.60071646615	401688.0
4.07464600281	-1.29657932746	398252.0
-3.15857831196	-8.28929166322	401455.0
-3.09211027481	-8.23610030368	401574.0
-1.35792450932	-8.53771401873	395720.0
-3.21016510017	-8.38674816385	398136.0
6.47743129091	3.18244876549	371912.0
-6.38899927342	-10.1792731934	396844.0
-6.53251219783	-10.1152558945	395993.0
-5.57713019321	-10.5273391494	400056.0
5.49058279777	9.36271875032	397695.0
4.21084463415	-6.09101205338	389552.0
4.16356942234	-6.24700584145	395757.0
9.4556968146	10.3343556179	40720.0
-8.63271718889	-15.9063121035	190224.0
14.6022844402	1.14298396646	163847.0
14.5584877899	1.11510129421	164406.0
8.19658879865	-2.99843664007	400047.0
8.50933544555	-2.98203466484	394130.0
0.418216113218	-3.47041968059	371457.0
12.8430350798	-7.82810861602	11962.0
13.6055786432	-8.32128312519	11911.0
8.45663535862	-7.21108282937	15678.0
8.53976410324	-7.50978274307	15413.0
8.4145341183	-7.49626453057	15494.0
17.8015809706	6.93975594072	387692.0
-6.74153453113	-5.06017133266	347756.0
-3.07514797105	-8.21908386772	401570.0
-2.68194955738	-8.18422653215	399973.0
5.99114995119	9.60042414828	398412.0
5.96674465409	9.58783635563	400591.0
5.75007080366	9.48326291008	398989.0
5.74959373807	9.48237194208	399816.0
5.09678164392	9.17849893101	400305.0
4.21643903907	-6.08035670726	400217.0
4.18225650286	-6.1708404689	394824.0
4.18690889921	-6.17171564612	391627.0
4.7908156762	-4.5222019496	382921.0
13.1543148802	7.82653426649	46854.0
12.1144937503	6.76188150413	46764.0
9.36281327915	10.2880950169	40880.0
0.41455611246	0.68440970581	15700.0
8.12744267296	-7.89133983874	15698.0
6.35150288899	-12.0143162785	389431.0
6.54668993301	-12.6718057036	391339.0
6.16304431028	-11.4365365569	389416.0
-5.79752490825	-5.06449281662	398794.0
-9.9880334029	16.2911870383	400090.0
-9.79133446992	16.1847036598	398181.0
-9.88360726021	16.2144546519	400825.0
6.52573389777	2.95514695535	388750.0
6.94879787463	2.32952099506	396558.0
-17.0532161847	3.43334619332	111393.0
11.7020376607	7.17774867689	46851.0
11.2096078401	9.45820612855	40910.0
11.157179323	10.2489876106	40738.0
14.4355165796	0.664132715053	164559.0
-15.9723043874	2.36715280424	111371.0
-16.0513070473	1.6082804694	110919.0
-14.1363097409	3.92387636344	112089.0
-12.572020225	-0.620778183495	111951.0
-11.7487698039	1.10490280192	111285.0
-16.3218386953	-10.0176340136	111929.0
-16.2944668868	-9.9586676314	111968.0
-16.2739997288	-9.90732178012	112101.0
-17.3372612349	5.55424523089	111193.0
-17.1926403402	3.74839705666	111883.0
-14.8547408578	6.05588235762	111004.0
-13.8998868262	4.20603639662	111737.0
-14.7284941476	-6.00496296162	122198.0
-12.1692496857	-5.91922321794	395382.0
-11.4466931467	-6.63940024562	369087.0
12.6163696927	-14.5575914996	394245.0
12.4587007372	-14.5863034764	396654.0
12.6965402962	-14.5429711029	396651.0
12.1400119429	-14.6442847011	394244.0
11.5299250246	-14.7546253263	390608.0
11.3973776562	-14.7780465468	390747.0
11.061975996	-14.8344205168	399856.0
12.0877967486	7.16073336819	46641.0
13.818081329	8.24490572391	46664.0
14.6225797937	1.27568626984	165921.0
-6.65323573656	-16.7563978437	166247.0
18.1138202911	7.16431186041	391521.0
-0.406712967312	-7.72512235093	396367.0
-0.268462753791	-7.83091256615	397001.0
4.74398375041	-4.63299927669	141591.0
-6.05923874471	-5.06673155809	396855.0
-6.32580677216	-5.06671254535	393107.0
6.85293396448	2.38542096688	396355.0
5.4855426316	9.36039362977	401407.0
5.55056221166	9.39020939477	400672.0
5.37699946785	9.30600262131	401681.0
-16.9248841089	3.26606050913	112066.0
-13.4560804737	4.67756278307	111267.0
11.8166777592	9.53385148169	40840.0
9.23657713598	10.3114569686	40854.0
12.6350112863	9.52269504793	40679.0
9.28873445792	10.3125534791	40797.0
-10.773040101	-14.4144243257	190290.0
12.4942625744	-7.45937327965	11822.0
-16.3626213053	-10.1231583889	111888.0
-16.3444190466	-9.80064370456	111937.0
-16.2359193502	1.69208094659	112021.0
-16.4611145212	1.29005287978	111991.0
-14.4132984734	3.72627552366	111995.0
-12.4731542866	-0.773060886347	111550.0
-12.5205035694	-0.848601495658	109350.0
-12.7547551629	-0.759388604319	111616.0
-12.8261863531	2.01663063584	111639.0
-16.357020672	-10.107205823	112102.0
-10.9882346406	-8.07977554181	397954.0
-11.9385192842	-5.48332513929	372783.0
12.9871245354	-14.489665226	400509.0
10.6606218758	3.37957357191	141627.0
17.8546485364	-2.27122745237	390822.0
17.7712212971	-2.17915606374	390735.0
11.2802962076	2.77534930028	141629.0
11.0260424497	3.02540659555	141630.0
10.9011495429	3.14623330985	141572.0
10.7076532383	3.33563522487	141574.0
-5.49591561301	7.86929992981	145306.0
-4.69365185691	-1.68509544235	375144.0
-5.02549340699	-0.704953534121	372592.0
-5.41116732656	-0.310340071282	363637.0
-5.37700643442	-0.384454409919	367019.0
-5.68493028183	0.0592484339046	373156.0
-7.79196300312	4.97096643568	151092.0
-5.09923608992	5.61965884035	156559.0
-4.92879424739	7.06821467933	156580.0
18.4076536412	-4.46070499785	390816.0
19.1492577088	-3.34863626975	388564.0
-3.75173550101	5.49195386758	372920.0
-3.47488420449	5.10137136845	378800.0
-3.59307486397	5.26065830855	373674.0
10.8162616174	9.85825611758	40089.0
10.7058656317	10.227261086	40830.0
14.236815786	0.0707273992752	164393.0
14.3711412734	0.865432569066	166222.0
-10.1692165152	-14.7755367722	189938.0
2.14666752988	-3.8584950547	396256.0
0.206130579904	-3.27006265067	399443.0
0.908971543152	-3.5891622412	398386.0
12.134771112	-7.27262893535	11841.0
12.7618857182	-7.76204530674	11960.0
18.0364994726	7.11519124531	368293.0
-6.65482455074	-5.06119054978	398157.0
-6.48573424888	-5.06470276626	393266.0
3.78097455658	-1.14426705648	374520.0
3.7806027534	-1.35229168968	378504.0
-0.243810017136	-7.68930192599	366183.0
-2.07635264175	-7.98775090999	395605.0
11.8272776102	9.77043993902	40824.0
10.9152287247	9.37558786212	40303.0
14.4492329155	0.729816987729	166131.0
14.6429071517	1.14297043262	165141.0
14.3938391139	0.725624721062	165102.0
1.18146450441	-3.32937151424	398369.0
10.3014044655	-2.37231485138	400222.0
9.67911774465	-2.82214330232	397444.0
11.3858404625	-1.79816037776	382999.0
14.6886404513	-9.03453336674	11931.0
12.7873575598	-7.83754168621	11893.0
4.06052549932	0.382665385347	397431.0
3.97269717525	-1.30509060323	389354.0
0.261751034967	5.84058530289	389473.0
0.287108378498	5.83947348609	35047.0
4.18381794182	-6.19100650514	398019.0
-18.3466264554	1.28545915047	111913.0
-17.3173224515	1.41430765733	111326.0
-15.2803939089	-0.497071672323	111926.0
-17.2416752018	5.47877819833	111327.0
-11.4297939684	2.49308271626	111759.0
-16.2802894328	-9.93293297741	111945.0
-16.256400125	-9.74610533459	111980.0
-17.3878192398	5.452179693	110590.0
-15.7094243235	0.995628724551	110632.0
-16.8023273138	2.31449915243	112054.0
-12.1517044874	0.704030642314	111196.0
-12.8882782205	-0.550277361957	111834.0
-12.6401610286	-0.765419379841	112013.0
-12.6463004132	1.69478456784	112016.0
9.34175043829	10.352565365	40888.0
11.8322171839	7.10811041313	46769.0
13.9779607152	-8.57043272897	11930.0
-0.451276865576	12.0674052809	388711.0
2.14380932391	7.05880946333	388717.0
0.828615056625	13.7933168014	345579.0
6.54164947156	-12.6466620428	401114.0
6.53907018992	-12.6339415061	399379.0
6.31959272742	-11.9108935272	398620.0
18.0653903149	7.11337555569	392627.0
17.7095117983	6.85914024482	391927.0
-17.7651544841	1.96915510033	112072.0
-15.7830284008	3.29768483545	110884.0
-17.0629923378	1.87239263578	110845.0
-12.6945075074	5.07742510483	111154.0
-15.6715258819	-5.31807142031	122239.0
-15.2856684691	-5.51828150227	121783.0
11.3586890112	2.69887611578	141469.0
10.6886988914	3.35199518132	141570.0
17.3373090048	-2.69610926021	389101.0
10.6929052797	3.34753094535	141552.0
10.5912694673	3.44457877575	141236.0
10.7569319718	3.28666607672	141628.0
10.2924635296	3.71838094974	141458.0
-4.48057731862	-1.71496866005	383245.0
-10.1123634195	8.86363785955	247720.0
-10.5428892357	9.09825707127	247222.0
12.7179114269	8.85170438057	40434.0
1.64921362501	-3.16358966616	348013.0
0.803429872001	-3.38338553945	399879.0
-7.53783968009	-16.3814154325	162373.0
13.8510241463	-8.48699399705	11964.0
14.7162623816	-9.05122038582	11950.0
8.22608294203	-7.34915022218	15465.0
8.19839232648	-6.82137737155	15545.0
-0.205040802164	12.4040416201	388714.0
-2.00461326331	15.2519286703	46842.0
5.47998839507	0.335806217373	368255.0
5.05348561897	0.923843084502	382863.0
3.75165280091	-1.36248535191	342310.0
4.45207975034	0.578172879166	395459.0
4.11953549449	-1.20973843629	382815.0
5.92428870192	0.58411401349	374950.0
-0.57277485652	-7.63865210342	389187.0
-1.13884445786	-7.58673321129	398438.0
6.50427984794	-12.5188687783	400927.0
6.48076702866	-12.4298820609	391852.0
6.24347059655	-11.6665001764	399378.0
-6.48102267476	-10.1382134788	397055.0
-6.58684399883	-10.0885284253	401506.0
-6.7020678888	-10.0337182498	396296.0
-10.1576044154	16.3903936314	394565.0
6.93628665915	2.17981015913	376779.0
-9.77797660307	16.1689764017	371923.0
1.65557427058	-12.4282044628	347984.0
1.76586857908	-12.4311321506	396780.0
12.2283423705	6.82627982876	46461.0
11.2203121682	8.99770832408	40894.0
14.3434136875	0.480626297628	166221.0
-6.7881480144	-16.513439001	165641.0
-8.77162814027	-15.9006470691	165695.0
-6.61924940074	-17.0569031672	165883.0
-9.86514592985	-16.1614126172	165986.0
0.84175558424	-3.44582801057	401640.0
0.67210287859	-3.31451721059	400045.0
8.05228874518	-3.03301517603	339847.0
0.77469317805	-3.25840384516	396786.0
1.00415464783	-3.28014130495	398371.0
14.3416481026	-8.81242587219	11888.0
6.43983413868	-12.298319397	389413.0
6.23833866897	-11.6508878898	388742.0
17.9892538805	7.05918631465	390451.0
17.4383659262	6.67480550487	369246.0
-1.80103357192	13.2311579616	46844.0
2.98789154002	5.93845439806	397524.0
0.0799135333864	12.6038658163	371051.0
18.3221310469	7.32000616893	396679.0
18.0738209274	7.13391547227	369320.0
17.2572104856	6.5444718926	382350.0
-6.61784762164	-5.06360731843	46861.0
-0.185169964003	-7.27398894308	398422.0
-0.422776064602	-7.32246227217	399519.0
-4.52751637872	-1.42236945771	375766.0
-5.71105680429	0.242148148796	367876.0
-4.69302953235	-1.43306041067	347334.0
-5.76894268921	0.431268264657	373120.0
-6.27882243626	-0.441966007841	367418.0
-5.9594037046	1.00759318914	373373.0
-5.95371187559	1.01651593323	375124.0
-5.38097709657	-0.456463402963	340438.0
-5.20098419078	-0.594389643208	368459.0
-5.19880591486	-0.659596291097	382325.0
18.9720267731	-3.8095612404	390848.0
-3.78645820288	5.21344069196	377295.0
-3.45925603648	5.17154558327	378780.0
-3.49556969797	5.16032017218	382790.0
11.0485329668	9.66223669459	40850.0
13.0022912021	8.79925442852	40480.0
-1.15895777733	10.583538056	374419.0
2.03558485051	12.668703428	345357.0
-2.41571776787	15.9021125501	46843.0
-2.50396979937	15.9416089633	42823.0
-0.881080214551	-7.48689546492	400153.0
-1.5098722117	-8.67321209936	401572.0
17.149397033	6.40619035506	387600.0
-6.04613821659	7.95306206238	383272.0
17.2473895473	-2.7875836726	390508.0
-5.5029637261	-0.215562032336	368199.0
-4.56577731374	-1.30468229003	368739.0
-4.58291506619	-1.68778711135	368494.0
-4.45793439878	-1.76202505325	375667.0
-5.52775207002	-0.0319456961013	375672.0
-3.95607366872	5.10136277704	376766.0
-10.7881493446	9.16273920902	247682.0
-10.1162262456	9.25234994007	247645.0
-10.1900838661	8.94072248354	247453.0
-1.09009843537	12.5158850458	42824.0
17.2343550738	6.51447766925	394977.0
-6.00831684648	-5.06744210592	401398.0
-6.07056959432	-5.06670223981	396406.0
6.51389643858	-12.5514451111	390443.0
-2.7323320047	-8.03305263684	395428.0
-5.76670549613	0.139059749651	372570.0
-5.40877396894	-0.0977870684614	369255.0
-5.7026545127	0.0271747243138	373084.0
-4.82433447615	-1.34297476434	366171.0
-5.69462845989	0.16176955557	367342.0
-5.9604047324	-0.393693231052	371362.0
-6.71009829798	11.2609402938	388834.0
18.5665364292	-4.39741716563	389098.0
-3.4479641314	5.23652506674	375046.0
12.58430972	7.81519539804	46805.0
12.6822204381	9.14284967071	40356.0
14.3350838799	0.430961988701	165032.0
-7.06056615145	-16.5207083404	165907.0
8.47422101362	-2.5496774258	371451.0
8.86687659175	-2.47811441114	398159.0
0.85950515496	-3.18147371562	399172.0
11.8078175831	-1.50033914527	166237.0
-15.7558583389	-0.362638594992	112071.0
-16.0028615691	0.278181743332	111373.0
-16.2448921182	6.08203027471	110925.0
-12.1187761911	0.779474510874	111476.0
-14.6116418	3.8175589439	111806.0
12.6862946672	9.25386467216	40750.0
12.442968129	9.47225223511	40870.0
11.8596643601	-1.46526006732	166065.0
-0.253370249584	-3.23748147858	400932.0
12.6950554754	-7.71978849315	11967.0
14.6877554104	-9.03327260815	11909.0
0.0312812872976	1.04912961642	15559.0
1.07096602249	11.5698944119	371129.0
0.251223443136	10.5810655451	46483.0
2.96197378051	5.96218994342	397463.0
-1.06408625094	13.2446013094	42790.0
-1.50790885763	-8.68345140735	400155.0
0.471761755724	-7.00988258429	389323.0
-6.36619650819	-5.06703696835	399591.0
18.5007127595	7.4577156658	389516.0
-6.7137958264	-5.06091413546	394117.0
-6.17288682099	-10.2801487892	399594.0
7.20542180483	1.90375331342	32086.0
7.04538305567	1.9410153975	32191.0
7.12874870403	2.049623751	376777.0
-9.53799585223	16.0058134268	393185.0
-18.2280075462	1.42139467115	112055.0
-16.3418227734	-10.0332884772	112061.0
-11.8378880119	0.493978213644	111378.0
-12.6151422603	-0.768337269631	110174.0
11.5969021578	8.89641790238	40782.0
11.3024035323	9.31934193596	40878.0
14.4209342795	-8.86033929242	11864.0
14.8322262384	-9.12619852779	11953.0
14.8190753992	-9.11770968932	11938.0
13.9549815259	-8.55794072507	11926.0
13.5748729855	-8.31721764383	11939.0
12.2796828285	-7.45899442972	11925.0
14.9284975623	-9.18751388682	11963.0
8.24073334689	-7.31593044346	15671.0
-0.630525505975	1.66905613751	15647.0
0.435727856481	0.643436071988	15532.0
8.24482232412	-7.19964569273	15699.0
-0.785169470867	10.4976120063	378793.0
0.619944098104	10.4254004363	394629.0
1.83519329918	11.9312060427	374399.0
-1.23010090871	11.8573093087	42738.0
3.07616946805	5.83013830689	400023.0
1.66947188248	13.3303574045	345851.0
-6.77134362521	-5.05980629374	400052.0
3.35209587386	-1.14241848592	374448.0
4.44961664435	0.682273857328	395472.0
3.5125328236	-1.37530541	400940.0
-1.48076569969	-8.37867175244	400159.0
-1.46018500989	-7.7034882964	397620.0
-2.84983833084	-8.20927604097	397362.0
-6.90620136842	-5.05591591469	399882.0
6.51915784462	2.63832191853	399606.0
-10.2753309123	16.4394094124	401675.0
-9.78314240583	16.1658706413	401338.0
-9.69720922322	16.23514224	399069.0
-9.72748472972	16.1309602167	401164.0
12.4307665771	7.86724459947	40793.0
4.61626509152	0.691127390614	382885.0
-6.92647533042	-5.05533115492	371982.0
18.2866977374	7.29662990741	387897.0
4.12855300647	-6.36968799763	399240.0
-15.3280826301	-0.556917336197	111003.0
-14.2249073334	4.08949596647	111927.0
-12.6123181384	-0.334368271221	112067.0
-16.7994504712	6.18011050152	111880.0
-13.5750462596	4.5279508797	112092.0
-12.9271835591	3.06114237741	112024.0
-16.496715572	-5.00552021106	391367.0
-14.1805403568	-6.50694273109	121828.0
-11.0956154343	-7.65686056835	382898.0
12.7487058995	-14.5334054548	390652.0
5.04907639848	18.7817568503	179005.0
2.23057129557	18.5417718178	178893.0
4.30668609032	19.32902665	178987.0
11.0545861229	2.99811582421	141573.0
10.3862047576	3.63279854486	141357.0
10.766248452	3.27767619243	141446.0
11.2856124497	2.77107876684	141450.0
17.8175230698	-2.54992566581	388724.0
10.4274525934	3.59598884161	141501.0
11.0290128348	3.02406412304	141497.0
10.6091573249	3.42741132868	141338.0
11.0918670483	2.96125111445	141564.0
12.8177929419	9.13391437208	40852.0
9.06718576551	10.3424337975	40895.0
-5.82973535782	-17.5209598796	163205.0
-8.90580185461	-15.5149522087	166110.0
-0.358793011346	-3.24834528211	401396.0
8.97201921889	-3.09940406692	166258.0
11.5807039458	-1.6393864577	166267.0
0.289971698048	-3.32100492133	398523.0
11.760908178	-1.53521591714	166257.0
13.1375487282	-8.02804669293	11942.0
14.5093175935	-8.91787064995	11965.0
0.54240635857	0.538179634787	15518.0
0.442988651229	0.662117580615	15709.0
2.07988440465	12.3873923939	383152.0
0.100365880119	10.6686824452	396981.0
-2.13397503114	-7.83180312819	401021.0
-1.22969382577	-8.14513692038	397619.0
-2.51151880179	-8.10049950092	397132.0
-6.65216607666	-10.0599826891	400772.0
5.91532056492	9.56347349257	401586.0
5.66588781606	9.44291981999	401583.0
11.5942291783	10.3471006846	40815.0
-10.8205410796	-14.0419921142	190228.0
1.25249175307	-3.27961567358	371439.0
4.19060452944	-1.26163248517	395749.0
3.93480456301	-1.3162849158	66667.0
4.03397422816	-1.25351443174	382856.0
4.15678873568	-6.26916435888	400467.0
3.51354430794	-8.63673370808	93146.0
3.5726546353	-8.37336546622	93306.0
4.83955953316	18.811391825	179635.0
5.70030385275	19.219482739	179632.0
5.07465149543	18.9042518576	179448.0
-5.96719361155	1.58333364952	382335.0
-5.36643679252	-1.64275465988	372550.0
-4.50158735908	-1.42784271465	382330.0
-5.96019537369	1.51452093678	376369.0
-7.58450277545	4.97667914761	151036.0
-6.11512406339	-17.4030700533	165571.0
11.9411359129	-1.35513865121	396939.0
8.55416951787	-2.58595649961	395818.0
5.88747409864	-1.07135450535	66436.0
-9.58492475092	16.0772673833	401330.0
-6.01878624396	-10.3427165465	397775.0
4.08056115199	-6.5401797521	395754.0
12.5494442762	-14.5694007087	396035.0
11.2213651446	-14.808770502	390618.0
3.05938966868	18.7354160654	179050.0
-5.94886002641	1.0247696273	368014.0
-7.67296108395	4.67608640013	151063.0
-7.96830201221	4.73569509385	151026.0
18.5513733519	-4.29413637225	383484.0
-4.13068961167	5.31764034841	382317.0
-3.70294020334	5.05393291631	375049.0
-6.11910762981	4.94331906745	179615.0
10.0397991181	10.1227175056	40871.0
-1.99740543387	11.3565940163	42836.0
1.67209583211	12.0662951126	374323.0
-0.585685710047	10.3448724478	374532.0
-14.5925726925	4.97423315796	111696.0
-12.7059066324	1.51850557031	111900.0
-12.7416814808	1.8371697976	111829.0
-13.6750104349	3.35437351075	111874.0
-16.3697304249	-10.1639325331	112100.0
-14.6864577316	-6.01795082942	122301.0
11.1495419833	-14.8204793425	390681.0
12.9443072854	-14.4976084495	394347.0
10.3639212333	3.65780410554	141568.0
10.6389694381	3.39976543523	141537.0
10.8535856412	3.19306020127	141580.0
-6.37770244157	7.97583620088	390811.0
10.9191626095	3.13762257739	141582.0
18.4955675935	-4.35111501656	389169.0
-7.16777867632	9.59380958326	215117.0
9.37803497133	10.3406903443	40877.0
11.0584810507	9.49386679026	40816.0
-6.28888033429	-17.2572574681	165950.0
-8.49056200257	-16.3906831612	165665.0
-9.42460564138	-14.376111748	189873.0
-9.67103909953	-14.1504225407	189913.0
-0.467567455536	-3.31211320296	401644.0
13.3399604818	-8.15062324914	11922.0
5.58935884283	0.437773171302	389357.0
17.5024758818	6.70944307432	387608.0
6.48279126527	3.29000430278	400091.0
-6.58916498252	-10.0877746663	401139.0
12.1406878608	7.49861695686	46753.0
10.5469987765	10.252195654	40821.0
14.2419408289	-0.0887754750348	165972.0
14.2178559761	0.139375000744	166132.0
14.6528428025	-9.01054866629	11932.0
10.9501248508	-7.42353877922	337642.0
9.82534187797	-7.71338788804	337580.0
4.1658548545	-6.24000995419	400976.0
-10.7522575327	-14.6574477323	165819.0
-9.84711591105	-14.9551333429	165848.0
0.0076397952534	-7.4829185407	395796.0
17.5215303375	6.74959803757	387895.0
-0.917219944558	-7.34102207751	398125.0
-13.941999063	5.45882377504	111391.0
-16.3255612279	-10.0185514462	112095.0
-16.3401255729	-10.0715819847	112099.0
-16.494866759	-10.4625749587	112104.0
-15.3865514576	-0.526119133817	111291.0
-17.1205426942	2.14128584718	111248.0
-14.552836446	-0.597261046029	110253.0
-13.0285461899	2.1423379538	112077.0
-14.9756889131	-5.76185944782	122376.0
-11.0244089901	-8.17103373178	375366.0
-11.0614159292	-7.90275420748	398473.0
-11.0807769204	-7.67229618766	395536.0
11.9113319141	9.96366196054	40694.0
17.9019608213	7.00129936663	367107.0
18.0041842501	7.08052605548	387898.0
-13.7192267255	4.76121815559	112025.0
-12.6248233464	-0.560812231396	111868.0
-14.271456419	4.21841371174	111850.0
-16.3854481232	-10.1374920285	112078.0
-17.3209871343	1.71796677958	110634.0
-17.1013457163	2.26183082731	110686.0
-17.3148025364	2.35390054838	111915.0
-13.9146789781	5.6911749598	112114.0
-12.6400196523	-1.58357889415	111634.0
-13.2958510476	2.17626466343	111625.0
-14.058075442	4.24169201145	111568.0
-16.2774588793	-9.93400476413	111887.0
-14.6397154646	-6.1286499301	122257.0
-11.2074156918	-7.63682996526	396719.0
-11.4397310603	-6.6215426412	375406.0
11.8558852817	-14.6956117597	393091.0
4.89552262613	19.2181268904	179013.0
12.625146552	8.06827670006	46863.0
10.8663562106	9.5609661367	40766.0
13.0138709368	7.99561586942	46783.0
14.7088556169	1.44990113545	164441.0
14.2147177839	-0.232630591372	165142.0
-6.97093587813	-16.8302167574	165933.0
-10.4485979479	-14.8888830735	189581.0
-8.44579114632	-16.2694850267	189894.0
1.44554864714	-3.83347595665	396859.0
11.5331895064	-1.71783907112	397445.0
-9.25185378001	-16.5582297422	166232.0
-10.6997943687	-14.5865687734	189870.0
0.161353868887	-3.33254108717	392393.0
12.6421291097	-7.71561734706	11961.0
-0.00510838017702	1.07641997197	15690.0
0.182425635737	0.893061996519	15660.0
8.20853044618	-6.32335263929	15571.0
0.495334782682	10.5819834739	373637.0
0.180191385735	10.3194875889	42576.0
1.644165114	12.4869301249	42722.0
1.83764694589	12.3320312788	394546.0
0.574919769793	10.3703405672	378493.0
-0.0115728884074	10.329928164	375226.0
0.938651536899	7.21741403265	382978.0
-2.6067435691	11.6096234302	40385.0
3.96855524035	-1.21944254614	382836.0
4.37086166686	0.51758502454	395470.0
3.58918117295	-1.02605255986	398798.0
4.22003037422	0.647397844303	345492.0
5.06666357867	0.629849169601	371715.0
3.846218717	-1.21015887778	398257.0
3.77485652844	0.891104061114	382882.0
9.34940801761	10.2737912189	40780.0
10.9839132542	7.53035494484	46862.0
7.25113663301	14.0225011069	46816.0
7.87508488893	13.8349842513	3892.0
7.60279121831	13.9269359485	3851.0
-9.68013159066	-14.1738224758	190225.0
-10.559651006	-14.7964257032	165949.0
-11.2084474067	-14.7076630798	165595.0
-11.7864059981	-14.3545153764	189747.0
-8.7816794778	-15.7457356027	166266.0
7.88547101479	-3.11486414654	390879.0
9.03091604311	-2.29896609191	383003.0
10.0843214071	-2.53847647107	166272.0
13.5994392195	-8.32563607634	11897.0
14.604564508	-8.9802713695	11955.0
8.35109325814	-7.2058974418	15503.0
0.641768022469	0.490940447034	15650.0
-2.3178027556	15.4724854934	46750.0
2.04892677787	12.2111620151	46501.0
11.1660117658	15.8617388914	42799.0
11.0043626527	15.9198102466	40847.0
-1.17196743184	8.43281094005	35067.0
11.5809016495	15.7356164187	42820.0
-1.05912203312	8.15198760556	35043.0
11.6112005335	15.727648909	42578.0
4.63171762625	0.933969625607	398250.0
7.20372153488	1.86480955664	31859.0
7.1748600417	1.89516678739	32035.0
6.3973459551	3.1152400189	394273.0
6.8119397132	2.63437907033	396567.0
6.39969729083	3.15857560328	397129.0
7.12395970621	1.93758260141	370460.0
1.60101243991	-12.4305064258	397504.0
1.67353558262	-12.4297010871	347888.0
-5.97654704081	-10.359265539	398942.0
8.03603873729	-3.20583094015	398960.0
9.78636604732	-2.75633986157	397200.0
12.7952799415	-7.76077266161	11941.0
12.2850680051	-7.56441482526	11915.0
-0.649476370113	1.68648001591	15573.0
0.503904526554	0.588174812248	15636.0
0.681711191629	11.0656772656	375235.0
4.20728279991	0.650513275709	382876.0
6.0529160678	-11.0374188109	390437.0
-2.77792816998	-8.14195807457	399113.0
4.63104402249	0.615148218324	398249.0
5.3272712627	-0.701555797729	66282.0
1.79033507353	-12.4180171645	397888.0
1.74542740403	-12.429893118	397192.0
-6.4233928657	-10.1643457946	398760.0
9.89910865422	10.3205420285	40893.0
-0.325919107375	-3.17733133246	401693.0
14.8041492874	-9.10775965876	11957.0
3.30931697785	6.22561470735	393629.0
1.09099239332	8.87915189706	389179.0
4.39372055848	0.376237192562	395458.0
3.60014924419	-1.19933392891	374575.0
4.52827252155	-1.38975986396	382860.0
6.02137752661	-10.9375775956	389458.0
1.856344977	-12.4184609167	399050.0
1.86400754699	-12.4226915893	396770.0
-5.92959753217	-10.3819227286	397313.0
-6.23491120495	-10.249613173	400614.0
10.661742465	9.92560608607	40842.0
11.6620842569	7.15602703059	46864.0
11.5809255292	7.17801351434	46763.0
-6.51881547593	-17.1333755048	165886.0
14.4110307053	0.661949753097	165123.0
8.04533208974	-2.71518578795	400050.0
9.61287242351	-2.92671442171	166113.0
14.5377308901	-8.93617265311	11935.0
12.1313527673	-7.14783727206	11766.0
-0.344465905898	1.40138952754	15670.0
0.274395802185	0.800398670427	15720.0
7.92619690378	-6.96468362247	15509.0
3.29541031339	5.52295724946	34774.0
-2.59067331248	12.4751718879	42832.0
-3.45576006721	12.8159476352	40726.0
-2.40283526049	15.7856904799	46441.0
-3.67286832	13.2204133876	39838.0
-2.1693226982	14.7428361567	42793.0
-1.87380616933	13.7764588169	46751.0
-1.69458447327	-7.56698987977	397356.0
5.45619641182	9.34780595264	401284.0
11.9845975134	6.86331313284	46859.0
11.6332716182	7.03972700221	46853.0
12.7324296254	9.02539953745	40227.0
9.62423101723	10.2030375458	40908.0
11.2538704131	9.19999044622	40897.0
12.18147829	9.10996582096	40723.0
-10.5348128838	-15.2180560187	165667.0
14.8630422543	-9.14593626366	11902.0
-0.638695906952	1.67639548879	15713.0
8.39564869874	-7.67376523994	15641.0
8.52624278779	-7.30272133505	15581.0
0.426759179685	0.655644876037	15579.0
8.19297828027	-7.33505047736	15644.0
-1.77080054206	14.5684427077	46773.0
-2.52092516695	15.9124876117	42805.0
-2.03830499964	13.0782372293	46578.0
1.58163146696	13.3651900732	374381.0
-6.15973645666	-10.2845878528	401691.0
1.65012491678	-12.4289118562	401404.0
7.70764552342	13.8889773408	3786.0
7.56434975446	13.934032425	3750.0
7.44265015586	13.9691727378	3852.0
7.45182584402	13.9716374685	46865.0
-6.51424753165	-17.3621422964	165817.0
9.57169624421	-2.68791724632	166120.0
14.8178925646	-9.11732995518	11840.0
8.33902031558	-7.85598031769	15614.0
7.63125605007	-6.59786391433	15683.0
7.94359921588	-7.20968101122	15632.0
-0.293223783089	1.35481559854	15657.0
-1.18205090194	8.49080077382	35049.0
12.1232551726	15.5692198342	40914.0
11.722200886	15.6918525958	46705.0
10.9400236184	15.930362893	40785.0
11.2823306877	15.8110246204	42774.0
1.57182858934	12.0267005163	393995.0
1.52656302601	-12.4255013662	397438.0
7.01781153304	14.0752612965	46867.0
6.84899622761	14.1052765144	3898.0
-11.8662775927	-14.3247304941	189917.0
8.39748439891	-2.83580120398	397635.0
0.578118840533	-4.06173467633	394328.0
0.794098263857	-3.90207102161	399740.0
11.9578914054	-6.88894080443	11793.0
8.48876154265	-8.19096107493	15687.0
-0.549113925685	1.59462689915	15652.0
8.24042690213	-7.2050664107	15488.0
-0.0120293550355	1.08966093378	15704.0
-1.13970068623	8.56349792137	35066.0
-1.11586151784	8.67096367363	35132.0
1.95966330889	12.149564522	340369.0
1.24846579294	6.69693385501	34747.0
-1.62832528655	-7.95825869603	397365.0
-2.83830166303	-8.27080783245	398421.0
9.37980272328	10.3221573344	40911.0
-0.286176779898	-3.2485143404	396258.0
9.46947969582	-3.04617437371	389349.0
8.02489171454	-6.19445786335	15708.0
0.221398746966	0.886372052398	15630.0
8.4304580549	-8.02225673379	15534.0
0.653503576723	0.554488982302	15696.0
-3.02445693579	14.5163720278	39888.0
-2.09122988217	14.4096155431	46468.0
-1.83345958885	13.0720432316	42734.0
3.11144540511	5.60231474831	35059.0
-2.45681831371	15.6254614148	46834.0
0.334964882114	10.7345716581	383339.0
0.216005697046	5.78328385928	390440.0
-6.53120967102	-5.06495559861	400651.0
4.73406897511	-4.65063792094	141576.0
4.93642628288	-4.09918899114	66287.0
11.6922509906	7.10868036198	46784.0
10.9916350888	9.77174781061	40890.0
-9.09677354408	-14.4893711164	190194.0
1.35512277143	-3.01935362595	394713.0
9.58870183192	-2.90939536705	382712.0
14.2471880104	0.19746671127	164987.0
8.42599704967	-7.35481009585	15712.0
-2.69966577561	15.1054412111	42833.0
0.623705383345	7.51112909339	34893.0
-3.61466391996	13.6497527802	40789.0
0.411176528139	7.59435283761	35081.0
3.22036848994	5.78952326965	395499.0
-3.61422869394	12.8691520432	40411.0
1.39917254553	6.2294208302	35119.0
-0.0986146778991	-7.99374290552	398436.0
4.82720891549	0.855137111014	398258.0
-10.6075621736	-14.9339132973	166147.0
-8.35345123314	-16.4314497067	166220.0
-0.000424079132283	-3.22823217416	395003.0
11.1009463848	-1.94472913457	396052.0
11.8910896859	-6.59171199501	11670.0
1.61700066819	5.64397897136	35036.0
-2.19655464274	12.0847603002	42680.0
-2.05191508018	14.003931757	42751.0
-3.25242052594	12.2505330569	40505.0
2.38713846135	5.92154393233	345592.0
0.977697625707	7.72054106566	391856.0
0.225547166065	10.9508371639	373640.0
4.94197947482	-4.07900776121	66403.0
4.92647005091	-4.12326965285	67021.0
7.1451026275	1.89256602063	372282.0
1.74393183932	-12.4291702482	396781.0
11.2553649514	7.76983643504	46802.0
12.1036389261	7.12820714707	46766.0
-10.6732338498	-15.0068463929	166014.0
10.7630229973	-2.1544432593	165506.0
11.0490995847	-1.98510981996	391929.0
12.3831576162	-7.59097592297	11880.0
0.138784399837	0.933920702468	15658.0
0.18595376535	0.895662626804	15552.0
-2.10104459214	13.6607757772	46477.0
0.967352608883	6.15796095416	35117.0
1.93262340839	5.81378300907	35118.0
-2.35011807648	15.0125839252	46771.0
0.686596833217	11.5566202557	389321.0
-2.78522582685	-8.19337221004	401454.0
9.2662959349	10.3109111313	40892.0
-6.66812143563	-17.0050537224	165759.0
-9.89633625738	-14.1439410109	189803.0
-10.2917988587	-15.5752823791	166086.0
-8.70945856603	-15.7956484424	166043.0
11.8468365876	-1.44761980256	383005.0
11.9486289601	-6.84546349034	11764.0
10.1056258169	-7.50805657404	337634.0
-0.557670137465	1.59820247423	15706.0
0.155497205115	0.923570861137	15639.0
-0.646860780403	1.68417599073	15702.0
-3.12025314455	12.1824456753	40663.0
1.2334945788	6.17966442634	35069.0
-1.82112062031	12.7518651195	46835.0
1.27113609929	10.8784183425	42794.0
-3.59048238057	13.1024385389	40664.0
4.61555896444	0.617023654499	397304.0
1.79531926271	-12.4296546415	396772.0
7.89825752089	13.8381590155	3850.0
7.23407290528	14.0252947297	46827.0
6.65316601577	14.1397904628	46817.0
8.7074782529	-2.84931559852	398460.0
13.7265812229	-8.40697357631	11952.0
7.83157518316	-7.11757084931	15718.0
8.44575021996	-8.16338609149	15602.0
12.0610844743	15.5878300935	46808.0
12.0909026856	15.5827804874	42812.0
11.4289423326	15.7661931014	46825.0
0.987732374726	8.32213315151	395279.0
-0.331228341252	-7.26101320166	398123.0
3.92250890562	-1.10698436364	397432.0
5.47047014729	9.35392520234	401291.0
6.78545894193	14.1180393233	3950.0
-9.37874110407	-14.2488637588	190291.0
9.9797322504	-2.69513579767	397508.0
-1.14744183734	8.52297848101	35057.0
11.9820526255	15.6106225195	46824.0
10.864686214	15.9239068393	46872.0
3.47059930816	5.45891929704	400022.0
5.29777204627	-0.837358150657	393380.0
-11.0414814185	-14.6160720699	190365.0
9.98359926159	-2.55179131501	399076.0
14.4246335723	1.10831577369	165082.0
0.830958252191	11.4858931546	375229.0
-2.20479061956	15.2616159409	46579.0
-3.6220717345	13.4642179861	40353.0
-1.80932068838	-8.28959795013	396083.0
-3.12522778951	-8.12295484051	401453.0
4.73222774137	-4.66486848818	141616.0
1.60583731033	-12.4287833382	397506.0
13.5034067516	8.07198246436	46855.0
12.9324775476	7.47002503416	46756.0
11.8547283909	7.24320473455	46758.0
13.1787419685	8.10115795534	46828.0
13.3467301556	7.94159738353	46480.0
10.4351381721	10.1388327567	40791.0
12.2675760317	7.63980191964	46845.0
-9.66201242975	-14.5429137616	190308.0
-12.0101991654	-14.2665122273	190029.0
-8.91444464061	-16.6277446816	189889.0
14.1429574391	0.497578945657	166159.0
10.8592300382	-2.09422403226	401431.0
-2.44388184783	15.7002731693	42662.0
0.963011455906	6.30435891015	34923.0
-0.410212196632	-7.4924524354	369209.0
4.91989472955	-4.13710336597	67019.0
12.6748771614	9.34359133005	40695.0
-7.48789303128	-16.4174879805	165887.0
-10.7905005612	-14.7381702019	190364.0
-11.0101116345	-14.9465791473	189727.0
14.136473174	-0.0639564035689	166255.0
9.85835022851	-2.81967550003	389347.0
-2.2839089617	14.000208642	42611.0
-1.47645860454	13.0395015254	46841.0
5.34354108179	0.874078782078	147832.0
7.22405228245	1.86383108858	396362.0
10.1445954065	-2.56313623328	166205.0
-2.20142126873	12.036795599	42553.0
-2.33019478294	13.8388092401	42735.0
-1.21124140964	13.4431329051	42773.0
1.12799873651	12.6170967832	374390.0
1.70714141853	-12.4295979878	395120.0
7.0238562611	14.0679126859	3873.0
9.9881906854	-2.53831637264	166095.0
10.0595156596	-2.46520781707	166053.0
8.49113391322	-7.79960979854	15672.0
8.49326466709	-8.00423089286	15716.0
8.26968634647	-7.504980727	15667.0
11.6990580579	15.7010047078	42811.0
10.8547329277	15.9132412092	42560.0
10.0395614639	10.175199361	40889.0
-7.75089977149	-16.3524019708	189802.0
-10.9644525985	-14.5371022157	189434.0
0.0028629335993	-3.5578906623	397315.0
14.9192191465	-9.18128323266	11937.0
12.7937956579	-7.78160720306	11756.0
-1.73567491754	12.665775856	46556.0
2.67930810187	7.21160650206	393251.0
2.4795999771	6.96327779705	383191.0
11.8925346461	-1.40889250215	165465.0
8.4771029737	-8.23059134477	15686.0
8.00326214492	-7.3069569342	15633.0
11.6423541898	15.7199041661	46833.0
2.68053312051	6.90151807987	374339.0
-1.85512737972	13.4903066739	46571.0
5.33376376485	-0.926622114243	66754.0
6.48036591439	3.09620466604	396354.0
5.6716665996	9.44614122328	400326.0
5.95701478588	9.58343252766	401215.0
5.073035373	9.17093345112	400300.0
12.2093113083	6.8393535969	46875.0
14.6167166229	1.16649294408	165202.0
9.98308038283	-7.61979130355	337583.0
0.256974243116	0.829112375709	15695.0
-2.85652046854	11.94367802	40834.0
1.16853633506	6.24945465901	35104.0
0.565924502854	7.54476934223	34916.0
0.0750068800005	-7.3030775051	394071.0
6.92432916169	1.98033368322	396669.0
6.631021792	14.1427323959	46868.0
7.45403918075	13.9635309596	3879.0
-11.3298908789	-14.394275403	190342.0
0.768748925141	-3.44802763569	396088.0
12.0140299985	-6.92491958469	11903.0
10.8825938749	15.9616416764	40784.0
11.0050852777	15.8866078235	42769.0
1.14375523966	7.17416856189	393623.0
0.848447580673	7.50152626778	34995.0
0.490582548943	10.7700944683	374375.0
0.739231639725	10.9969861437	46540.0
4.74482203965	-4.63140550204	141470.0
1.51944704923	-12.4241686714	398943.0
8.03639829363	13.788334727	3869.0
7.63645341694	13.9199594148	46819.0
7.62367494352	13.9263848531	46799.0
7.13451383171	14.0483682537	3947.0
-9.89063962638	-14.3452192579	189918.0
12.5311690698	-7.57981542923	11871.0
11.9845293943	15.6151499533	46807.0
10.8779103905	15.9219452059	34801.0
0.792618937469	10.2845943507	374329.0
1.90121986055	7.08018826821	397861.0
0.784458661566	10.6820935395	46723.0
7.8829006327	13.8514844751	46719.0
6.88461208119	14.0990581299	46814.0
-9.72108507813	-14.5085159167	190028.0
8.42680065633	-8.23100656949	15625.0
-2.34935118403	-8.01663271084	398430.0
5.52651345643	9.37907640394	401362.0
7.85015847161	13.8588168275	46866.0
7.42052494223	13.9780142528	3949.0
7.91040031018	13.8440697176	46815.0
7.68758794818	13.9038739377	46818.0
7.44115458764	13.9710918259	3867.0
-7.11476287913	-17.0614261496	190083.0
-11.4557714793	-14.6010663368	166087.0
-5.92765535023	-17.5455905661	165666.0
8.39853349936	-2.89986592044	371594.0
11.4769019566	-1.71575395616	165893.0
-3.28897384087	14.3958961985	40702.0
11.13672745	15.8595921745	46688.0
10.8660840916	15.9338794839	40913.0
0.758177990121	-3.31487131145	397639.0
-1.65931574605	12.5572586684	46605.0
-2.40821401316	15.5473374949	42804.0
11.026620425	15.8929327508	42787.0
10.8803610536	15.9694856951	40807.0
3.98782491057	-1.21017970534	368643.0
12.0399190972	-7.01807775842	11878.0
-2.09370270915	-7.71868004399	399521.0
-6.60505080447	-16.8641556995	165948.0
14.616224824	1.16845408305	166251.0
1.43602831785	5.635564099	35058.0
-1.95320131189	14.5936290619	42784.0
2.08941958378	7.01416438724	394462.0
0.537988855394	10.4295287554	394465.0
1.94910248108	12.0388331102	396979.0
-3.50356557654	13.5876363592	40537.0
-2.35694732422	15.2517938685	42803.0
-2.34627331128	12.2903781436	46858.0
-1.61367989572	12.3162831166	46617.0
-3.7285150412	13.2437106609	40790.0
-2.1235503782	12.537090896	40536.0
5.10775804406	0.940213906701	382869.0
11.4478293852	9.42805539852	40879.0
-7.78860337277	-16.2602585753	165488.0
9.73274248311	-2.85685280324	397443.0
8.40785927924	-7.53961015541	15587.0
-10.358140909	-15.0679904297	165867.0
-1.80638253948	11.7030707823	46662.0
3.04872586528	5.89512263926	395418.0
-2.0909469812	11.7445706649	46663.0
1.26306919253	6.7392434297	35035.0
-3.57965525865	13.3728741347	40699.0
-2.41581112316	12.2239320005	40862.0
0.423304709023	10.6856105323	371060.0
-1.40612152905	-7.97474182475	396244.0
-1.43377270061	-7.88995283303	395607.0
7.89629020479	13.8193279152	3857.0
2.02749668847	-3.83343434892	395287.0
10.2081190981	-2.48094646215	399441.0
2.61133030524	6.44976632473	395273.0
0.308888977226	11.391994246	395275.0
10.7553330815	15.9415480439	40689.0
-1.17152319919	8.51588955075	35131.0
4.41949177683	0.336521341134	401145.0
2.13775047513	-3.79738013772	395825.0
3.64395596819	-1.17353489763	382873.0
14.6134334229	1.08524636886	163671.0
-0.0472349877433	10.3932255952	345686.0
-3.42527796971	14.0046328951	40656.0
3.96911780847	0.0599082320963	401144.0
4.91480830452	-4.15527293963	67128.0
13.7171797485	8.27352075039	40586.0
14.5168291249	0.729657575188	164382.0
-1.9886061398	10.8369862429	34976.0
5.10196807744	0.870979243832	395468.0
5.55639928861	0.426518908259	399713.0
14.6029537548	1.1048670623	164442.0
14.627037848	1.2251735142	164386.0
7.85654453933	-6.32485868228	15655.0
1.42295373669	5.99502252828	35120.0
7.29991927026	1.76387661871	32040.0
12.6990670446	9.20215950367	40851.0
1.08341429959	6.84740734355	383121.0
11.3873903345	15.7966589139	42819.0
-1.92886918836	11.1148437466	40538.0
-13.7530547981	3.60267347441	111644.0
-12.6170875164	-0.860094116051	111661.0
-16.3020972085	-9.84280591508	111889.0
-15.5695268598	-5.37786001005	122200.0
-11.097883997	-7.51230477098	395022.0
-8.43394379091	4.9701436229	150972.0
-7.53407441332	4.95697666526	156391.0
-7.52200238491	4.83754804607	156282.0
12.7910451743	8.86081318718	40858.0
-2.94402760837	11.8297554029	40861.0
7.89639291357	-2.74349068659	395820.0
1.21668266422	7.89458163257	396985.0
5.74011694434	0.175336095699	382818.0
-1.7640953341	14.0789389662	46650.0
-1.17911113573	8.46390646008	35097.0
13.747665544	8.29117161914	40556.0
-7.79083340042	-16.4268656419	166171.0
1.15090896924	6.10942852329	35105.0
0.642027955277	7.63045815982	400630.0
2.69560961716	7.04876286318	397112.0
7.87131974443	13.8498237503	3891.0
8.39453204945	-8.15162768533	15721.0
-10.1637607373	-15.4082561105	165998.0
-6.73370088652	-17.3852758526	190270.0
-10.8522431906	-15.4307352056	189753.0
-11.5716369529	-14.6365740705	189926.0
2.54218187723	6.26981646604	399021.0
-9.29557868487	-14.6917673971	190011.0
8.44927748421	-8.06032525658	15664.0
1.57107445537	6.62139550081	374474.0
-7.39630957232	-16.3974969651	166112.0
-7.09998049213	-16.4846414745	165693.0
7.2168535536	1.88453160704	397610.0
3.55378950055	-8.48540947547	93328.0
-11.6690932216	2.5178828878	111748.0
-16.260309353	-9.32396468134	111916.0
-11.839419307	-1.10144731962	112106.0
-17.5190554983	5.29679642935	111879.0
-15.979461236	-0.294055364611	111294.0
-14.9637928426	-5.42592147642	122328.0
-14.9422741596	-5.78352623354	121993.0
-15.1296818212	-5.58479879752	121980.0
-11.0972098887	-7.63500430973	372241.0
12.2382633526	-14.6266148556	396036.0
12.4868321259	-14.5810951588	396652.0
-5.42003122644	7.98894628273	145619.0
-7.3484879813	-16.5363335442	166184.0
4.92377772262	-4.130715421	62077.0
-8.73847245776	-16.597580608	166148.0
-1.85028384643	13.0405763204	42703.0
-7.70400892474	10.5534351151	193666.0
-7.83294730665	-15.9515029671	190363.0
1.26924708243	13.5991159672	397858.0
0.960847300935	7.35267945075	340077.0
-11.4975882085	-14.5280331562	190227.0
-6.97280568119	-17.1964974619	165771.0
11.8472564726	-1.44580471426	166016.0
1.50605118112	7.08957451805	374526.0
4.47363039313	-0.987102420887	382832.0
-8.02539342096	-16.6752003364	189958.0
1.67200315856	7.66431629936	345713.0
-0.284759839988	10.7164020126	383115.0
-6.85733210783	-17.2399426624	165846.0
14.6144007559	1.0876574289	164435.0
-11.1269053642	-14.9919166378	189927.0
-11.0318450193	-14.9316946749	189937.0
0.912730132582	8.60529023638	383188.0
-7.92394642637	-16.0279823764	190001.0
6.04164989028	0.157821039604	382849.0
-7.747325579	-16.8899080712	190226.0
-7.89987059119	-16.7651951834	166088.0
-7.38868237992	-17.067248885	190183.0
-7.28074995942	-17.3149233066	190293.0
5.31492831675	0.975766020851	147871.0
5.55081597206	9.39028044175	400948.0
5.14127866262	9.18907251268	401697.0
3.52928992549	-8.55440638532	93165.0
-9.73338605236	-15.4791726268	189751.0
-11.4868391655	-7.15922459796	375441.0
-11.329362236	-6.98088825177	375391.0
-11.3529308942	-6.81773274773	397485.0
-10.9334142428	-8.18646107955	375426.0
-2.39769561176	-14.140903799	346804.0
-2.40383705833	-14.5335662914	362884.0
-2.46750155611	-13.6149767028	373401.0
5.10331296891	19.3465426065	179195.0
-5.9565521118	1.75623651622	378322.0
-13.0456423846	1.75545107702	112094.0
-15.8954085197	-9.19382402689	111855.0
-16.5300383605	-4.98299482381	356119.0
-12.1037970474	-5.8295433129	396727.0
-2.49085802088	-13.1357130483	364074.0
-2.44998329459	-13.3688361109	362864.0
-2.46659389809	-13.2518519342	364079.0
11.3964178145	-14.778894689	394348.0
12.4728297234	-14.5836895856	376641.0
4.87964146537	18.9631242932	179445.0
16.4748860911	-3.07422593938	388534.0
-5.6202992643	5.74969949009	166202.0
3.55139136368	-8.39701656523	93325.0
-14.0499589225	4.19302452119	112113.0
-16.3000285741	-10.0022529213	112112.0
-14.7354566661	-0.660503627433	111420.0
-16.9591282363	4.8370203664	111448.0
-17.2028094178	1.6466877348	111424.0
-17.4881770798	1.48399538303	112073.0
-2.45804525068	-13.524711774	362874.0
-2.32536608187	-15.0951478559	346862.0
-2.40367190659	-14.5592957345	373995.0
5.30255208129	19.3550497181	179451.0
18.0846326791	-2.2213120741	388549.0
-5.95198649101	1.84080129229	368662.0
-3.59343810532	5.26005348561	375081.0
-12.6038257516	2.13484574512	112103.0
-11.3016167409	-6.83804625232	396711.0
-11.3718401609	-6.89616130683	396722.0
-11.1088607057	-7.68863726854	397958.0
-11.7936594886	-6.08012476885	390886.0
-11.8464031684	-5.84496794541	366330.0
-11.5525208351	-6.38435524083	130586.0
-11.5856699971	-6.44649208862	378526.0
3.45272216106	18.6433141992	178096.0
2.08130949876	18.4614353955	179171.0
17.9552551385	-2.10626676931	390805.0
-4.47187665249	-1.64865648363	367158.0
-3.44479339883	5.34497290845	372545.0
1.22404101155	-18.0153366586	398900.0
1.19878878516	-18.28931669	397883.0
1.23926566166	-17.8433690365	396613.0
-10.0019135722	9.44246185082	401111.0
-10.3444795705	9.61835099504	397249.0
-10.1179977199	9.63338321341	400505.0
6.20895470056	-16.2765736948	49859.0
6.25402538382	-16.4688949339	49860.0
6.47753000505	-17.3958786688	57437.0
-12.5176285156	2.33002525486	112081.0
-2.69904016618	-14.3578295551	366378.0
12.1627786342	-14.6401067246	390746.0
4.83264350595	19.3433975733	179412.0
17.7859755584	-2.65635026431	390502.0
-10.8844804759	9.46872974905	401755.0
-10.5459330657	9.53281926071	395491.0
18.8862898655	-3.90401709674	389074.0
1.23469936253	-17.8934312761	399541.0
1.18371513815	-18.4475682655	397769.0
-10.6928989332	9.67899442843	396470.0
6.21791909092	-16.3159212513	49861.0
6.46447228684	-17.3407100801	57364.0
6.48183361819	-17.4124602452	57433.0
6.47906846282	-17.4013758836	57390.0
6.47860325837	-17.3990902982	57367.0
6.48543373047	-17.4301975237	381794.0
6.48241541943	-17.4170933596	381867.0
10.7869764479	3.25717845258	141547.0
18.3177469213	-2.56524677521	388811.0
17.0494149461	-3.58358688823	390505.0
-5.95668675877	1.70002955077	369260.0
-5.66938804402	-0.576168875559	372169.0
-4.56292386762	-1.68032470951	373378.0
-5.74615224181	0.119603764242	368364.0
-4.79320335059	-1.15215869628	372135.0
18.7267074824	-4.02720068663	388145.0
3.45558719745	-8.82407132769	93220.0
3.57406519128	-8.33638756387	93345.0
3.46906161928	-8.79410719188	93286.0
3.98053387632	19.702356521	177536.0
-7.1106850025	11.3642920378	383229.0
-7.80340840368	4.85616085459	151018.0
-8.14125232065	4.68346740838	151049.0
-4.34175437279	6.15937043778	179470.0
3.57016107383	-8.35281161445	93344.0
11.2913921781	-14.7962441981	393979.0
2.65000706116	18.5485083607	179167.0
-7.1195418188	11.5149940733	390800.0
-7.49054333148	5.03006244364	151016.0
-7.77902110077	4.6760118726	151053.0
-7.8461310083	4.68799240974	151045.0
3.45840746486	-8.84820039344	93327.0
2.19682026159	18.4103151374	179477.0
2.40163935837	18.5891459738	179040.0
-5.89455491954	0.563033215495	369392.0
-5.8135339411	0.106502285778	375129.0
-5.62130539569	-0.0789941450652	373849.0
-7.78264601315	4.97788814221	151075.0
-7.68334903331	4.7520205571	151024.0
-6.70608873037	11.3827598153	388334.0
-4.38587782495	6.09229096617	378821.0
-3.86320485784	5.75534796411	382784.0
2.84078213358	18.7450901413	179455.0
1.87486247315	18.5206549737	179170.0
-5.95661681544	1.18605213733	373859.0
-5.94147803201	1.06320595732	369387.0
-6.91260478738	5.46949213365	151124.0
-6.6736232135	-17.3308599986	165581.0
3.6352834868	-8.10633071663	93011.0
4.41257889994	19.4416276064	178679.0
4.8816530188	19.3337743626	179233.0
-5.94464988591	1.10238339342	375584.0
-7.70564425	4.48527599871	151078.0
3.49162214665	-8.73880894065	93311.0
4.37329236321	19.8237307425	179232.0
16.9167235658	-3.05767187583	389145.0
-5.78096963044	-0.973708831102	383250.0
-5.833491733	0.232816737626	375589.0
-5.5099327818	-0.531856017156	371776.0
-5.55059198247	0.00993543740399	375139.0
3.47721972699	-8.74345633374	92986.0
3.56162821579	-8.34494739604	93307.0
12.0139504919	-14.6671636952	391148.0
4.8705537823	18.931934918	179454.0
2.24501959071	18.6400482131	177668.0
5.22233220143	18.9388640629	179453.0
2.06364038707	18.3713945924	177953.0
-6.51024007922	5.7866985324	151069.0
2.15946834103	18.3807070964	179237.0
2.1625205659	18.4557892675	179452.0
-7.34222878198	11.2080638323	390464.0
-7.98851026671	4.71946428421	150997.0
-5.74686119235	7.27642470333	156573.0
3.52939337408	-8.55307509439	93224.0
4.93903237462	19.1512236219	179442.0
4.19904448394	19.5810481216	178990.0
-7.22882575555	11.3327475161	389136.0
-8.25898629535	4.66480830629	151059.0
-6.02340291404	6.46522652626	156555.0
4.14516208594	-6.31157317833	396764.0
3.58189745849	-8.28698015387	91998.0
-5.68507946615	8.46109211803	387715.0
-5.9835772311	1.11169301994	373089.0
14.5312252647	0.980818388811	164443.0
4.73202255228	18.7128764038	179208.0
4.34385392623	18.8962742835	178855.0
-7.76432719459	5.42117767088	151107.0
-5.52033464295	6.97648593837	156601.0
-6.35634142703	4.91647475526	156545.0
1.72802938982	18.0288686651	177800.0
3.94028702277	19.3035372346	179513.0
4.20156892094	18.6659525087	178516.0
-7.160452122	11.5516765057	388647.0
-5.57891527434	8.53439615749	377406.0
-4.85530301501	6.93744252932	370060.0
16.6509880052	-3.09410612121	383375.0
-4.5278946066	-1.60736025962	372587.0
18.4269085737	-4.46358654347	390851.0
2.87122147932	18.6970891346	179236.0
2.16707606027	18.4744687331	179212.0
-8.6234544176	5.39297932362	151094.0
3.54527274417	-8.4777292872	93221.0
2.19115424313	18.4717398014	179148.0
-7.6257495017	4.94996469158	150954.0
-8.11519921398	5.07879571184	151119.0
-5.56138483041	6.85131246472	156665.0
2.24552429574	18.3945814457	179057.0
-6.01476356276	7.43228754212	388994.0
-6.95363154485	9.24072519514	389128.0
-7.01180453857	9.91999210699	390837.0
17.8904011605	-2.37665623981	388478.0
1.7259490139	18.5565600922	178735.0
-7.86345735163	4.8254143272	151080.0
-4.40272357325	5.8339561187	179324.0
-3.68184458986	5.43858988029	382778.0
-4.14897797943	5.6163241118	382775.0
3.92577012839	18.6067897148	178847.0
5.1827462335	18.9280708172	179480.0
3.55330974915	-8.387517943	93123.0
5.06879912874	19.4237124327	178895.0
2.23412546767	18.6762071581	179129.0
-7.82061078413	4.89849150873	151113.0
18.3547013932	-4.44722216417	389011.0
-4.75332598243	6.52825965789	179343.0
3.57000566385	-8.3419153119	93343.0
5.25809086106	19.0105174828	179463.0
2.5425685471	18.3874620904	179481.0
-8.39379311998	5.19373011096	151048.0
3.6171580132	-8.14877153806	93163.0
-7.17003427295	11.4891278381	387314.0
-8.76792590607	5.58564745278	150860.0
-8.16599290917	5.03488266385	150908.0
2.74277476862	18.3779682216	178784.0
-7.40058809175	10.9474524925	389022.0
-7.23584978763	10.7100206556	340498.0
17.8518530223	-2.43909811323	387828.0
16.0137076154	-3.33042766233	390825.0
17.7567878545	-2.20934814796	389035.0
17.0659335654	-2.89965960887	389065.0
18.8700457342	-3.9951875078	390854.0
-0.229849892602	9.84393745791	377053.0
16.5407180255	-2.85891824397	389062.0
17.7570930064	-2.34732820073	389175.0
18.3709614665	-4.50260342134	388961.0
19.089640134	-3.6710867404	383887.0
1.22066075998	-18.0538525071	401750.0
1.14960642738	-18.8032929712	401682.0
1.12693772198	-19.0418826219	395078.0
17.0304109238	-2.55797738099	389068.0
16.8001368924	-2.78324227879	390828.0
1.12458361701	-19.066813013	398381.0
1.10575019498	-19.2615843566	399985.0
1.1394795282	-18.9051852546	401685.0
-16.5726345876	5.9600834185	111324.0
-17.1461087403	1.06669205792	111911.0
-15.6016277329	-0.453633828865	109792.0
-16.0441386687	-9.49203405754	112082.0
-14.6725552203	0.11768851817	111290.0
-16.3016355475	-10.0027978488	112096.0
-12.2127140074	-1.70480350376	111854.0
17.4247278607	-2.81598008912	390783.0
18.2056523318	-2.54406607623	389044.0
6.47140729831	-17.369284106	57400.0
6.48319947749	-17.4207049627	381865.0
6.48740570738	-17.4389773033	381870.0
6.48303083129	-17.4197220371	57419.0
6.47911343236	-17.4022674129	57425.0
-17.3478461398	5.8315963446	110648.0
-17.426291877	5.59270293172	110958.0
-11.023840971	-7.72381190645	364151.0
5.01227354318	19.1518250816	178856.0
2.42800012214	18.6193358265	178742.0
-11.5322386211	-6.20378882323	375032.0
3.98713231226	19.270982467	179168.0
4.31783463217	19.8279717916	179048.0
16.384148133	-3.18771780043	389142.0
16.922473578	-2.79121323884	388157.0
-5.29712835356	8.31634509362	145516.0
-5.01884403934	5.60358301722	156620.0
18.9464087338	-3.82124029385	389071.0
18.9265484672	-3.88468485721	390722.0
6.21416464064	-16.2993500218	49862.0
6.4797583422	-17.4050470218	57395.0
6.46479586875	-17.3417513405	57348.0
6.48195909546	-17.4143563043	57441.0
6.47474858943	-17.3825208073	57298.0
6.47487968834	-17.3848724325	57412.0
6.47234703083	-17.3741127111	57429.0
6.47304037696	-17.3769762616	57443.0
-17.7045906567	1.81949874474	110843.0
17.2412551981	-3.0928827595	389041.0
-5.23208542991	5.42658511985	390725.0
18.6090744549	-4.2787333811	390717.0
-6.92953275973	10.5327786799	390702.0
1.16166062862	-18.6792696454	401365.0
1.12725913917	-19.035693489	396288.0
1.20273995379	-18.2504359644	396917.0
-12.1201018733	0.862002275181	111584.0
-12.0744335326	-5.55152473206	395378.0
-2.35963526636	-14.9396955243	346681.0
-2.37249569692	-14.4575815845	399866.0
-2.44774528499	-13.4095345275	347204.0
-2.47787501091	-13.0153640991	391487.0
-2.41870338934	-13.9066084056	375285.0
-2.41201825064	-14.2290678105	374000.0
-2.36182664026	-14.5922801691	347115.0
1.32798078332	17.1891296474	136824.0
-16.8219982427	5.02900145409	110759.0
-13.1197770984	4.40833134085	111668.0
-12.5665275817	3.75038742856	111594.0
-12.1135511387	2.28961014566	111841.0
-15.3652234917	-5.48388245098	121996.0
17.0206754965	-3.25805434078	378119.0
16.7095710178	-2.96699270616	388941.0
-5.26180257054	8.32363084376	145574.0
18.5068919046	-4.34169646178	388449.0
17.7674859235	-4.91175184456	390780.0
1.21644771917	-18.1013213304	397660.0
1.1100125699	-19.2146282316	395216.0
1.22438078095	-18.0146062404	401752.0
1.22077629954	-18.0527671825	396911.0
1.20413295237	-18.232926095	397885.0
-8.45361208929	5.45508974275	151060.0
-16.8253985856	2.12048922083	112057.0
1.11041868368	-19.2100317248	401748.0
-17.3106518972	5.73382364643	111192.0
1.21358293982	-18.1313689063	401751.0
1.23124006637	-17.937956895	396287.0
1.10438202126	-19.2747446515	397170.0
1.20294650777	-18.2446674908	393290.0
-11.715492316	10.3185067549	232999.0
-6.16258416031	5.45667679956	156667.0
-11.7570271827	10.351996819	233014.0
-10.1031058966	9.56507289555	396794.0
-5.48869777197	8.36382002161	145489.0
-17.4354466741	5.36607330895	112022.0
1.2112608018	-18.1531619121	400756.0
1.1350385832	-18.9572168239	401216.0
1.16398058717	-18.6471466291	397768.0
-17.2589783138	3.84999382323	111370.0
-17.1153184568	1.55681944173	111881.0
-5.82006937899	6.84757454445	156643.0
5.58288849949	9.40502608056	401054.0
5.51719956122	9.37552262935	399537.0
-8.29246560954	9.455275356	191990.0
-12.3289785066	0.863420695372	112107.0
-13.6387975477	4.70692971193	112108.0
-12.093968074	3.67390439249	112111.0
-15.2781506099	-5.50028069516	122372.0
-13.2523445065	2.75916370659	111802.0
17.4174467803	-3.21101055863	389008.0
-17.0377192496	4.57482158679	110867.0
-16.3887008643	6.00621626587	111389.0
-17.2109911358	1.93575433572	111923.0
-16.953696872	1.06259442434	112019.0
-11.5832258553	-6.62809529689	375012.0
2.98059473795	18.8849133196	178210.0
1.20971365467	18.5862591141	179450.0
-17.37488987	5.30577236784	111989.0
-13.4656551435	3.32449166997	112048.0
-17.7290320313	2.4672244402	111394.0
-13.2169776306	4.74917700639	111976.0
-13.6471480169	3.43971691948	111996.0
-15.0994410178	-5.71576319436	121774.0
-15.1944813341	-5.49997289494	122278.0
-12.544333288	-1.28056076415	111835.0
-17.2677961564	5.49738834279	111364.0
-12.2494611209	-0.563366443303	111460.0
-12.1892264296	-5.81694854242	364146.0
5.30983569608	19.2438199974	179231.0
-5.19235017192	7.44045162453	390470.0
-6.90419896997	9.94442360889	388361.0
-11.6127487918	1.58497130875	111770.0
-17.3987933667	1.84261186491	111284.0
-11.8847332104	0.561582451454	111885.0
-14.5051417073	-6.16211082947	122122.0
-13.0384436227	2.06798436269	111943.0
-16.1499276667	6.09814521107	111422.0
-15.1682600164	-5.55996441476	122365.0
-12.039706927	-0.729640646565	111964.0
2.79009419738	18.6608698476	179133.0
-12.4332824743	0.917185855856	111542.0
-16.9092694786	1.74894607962	112062.0
-10.2451165313	8.9545682426	247710.0
-10.2221887828	9.49055246176	393598.0
-9.44575145775	9.09289223497	400617.0
-12.3874022744	4.92749335757	111735.0
-12.3620602936	-0.692451150546	111687.0
-13.097396045	1.92325848055	111018.0
-12.696301457	-1.50340487315	112075.0
-12.1838774351	0.729804469304	111849.0
-13.089039874	2.59480923964	111635.0
-14.6473587722	5.83824351447	111908.0
-16.1850885763	-5.1220109694	121799.0
-6.77589974227	-17.5117751963	189881.0
-13.605303593	3.20732672465	111823.0
-12.9899599914	2.6502567765	111804.0
-14.4336512309	3.91377466143	111769.0
-17.1705774443	2.01377403133	112023.0
-14.8117842339	6.03535224581	111406.0
-16.5367458221	-4.99187084008	122105.0
-10.5868858521	-10.7812286138	372039.0
-14.0322343889	3.62164126983	111672.0
-13.777625811	4.80171385858	111097.0
-13.2940092659	4.69038208448	111909.0
-17.1801621521	4.32180815758	110858.0
-10.5978159475	-10.7582721691	370936.0
-10.585984284	-10.7768596062	372029.0
-15.5510407268	6.08986673109	112014.0
-13.6061347885	5.5841657812	111182.0
-12.0423429623	0.565491920789	112052.0
-13.9293887889	5.51684634191	111738.0
-12.6747468919	4.69520180764	111693.0
-15.9436415393	1.18010461459	110866.0
-7.56842385097	-17.3057057749	187584.0
-17.1827416303	2.06523559926	112020.0
-17.4519357618	5.47165728184	110254.0
-14.5938689035	-0.632338260466	110903.0
-13.9567843414	5.06366898251	111859.0
-13.0322069533	4.95105681633	111714.0
-13.7105923059	4.73974602749	111031.0
-17.065869085	5.11578523123	111993.0
-17.3889780392	2.16275186677	110840.0
-16.9418470094	2.27671203905	111189.0
1.22685941122	-17.9850534898	397771.0
-11.7181881984	-0.255066388417	111367.0
-16.7501561869	5.80908352176	110973.0
-12.7362407494	-0.61083161721	111873.0
-14.3532424921	5.51665703252	112088.0
-7.84335028531	-17.1343848323	189736.0
-13.7310573474	4.79260474402	111158.0
-13.2166496415	4.17298396627	111928.0
-11.3364736493	2.55116773195	111588.0
-17.1484943356	5.36743004364	110861.0
-6.77315149141	-17.4969036385	189709.0
-18.0393076458	2.75284657771	110926.0
-14.2071453411	4.97482263054	111699.0
-11.5468134315	1.04341389374	110793.0
-17.0026018354	3.32586412434	111449.0
1.24325192976	-17.8012549562	396915.0
-11.9223113516	0.769930526541	111502.0
-11.8704224413	-5.2284941924	394344.0
-13.4702283569	4.59760721828	111761.0
1.14749796357	-18.8260019761	397886.0
1.12593485888	-19.0487046405	401683.0
2.09651074526	18.4541897874	179146.0
4.15039457625	19.02025961	179446.0
-3.53771569261	5.24338834394	373671.0
1.76056636413	18.8577692405	179476.0
-3.64998292902	5.14686281959	373677.0
-5.26877116613	5.78952709144	179319.0
3.9309337372	18.7396827926	177485.0
3.84877152149	19.1435343975	177489.0
2.02684187617	18.5834220318	179176.0
18.535367814	-4.23911373785	389166.0
18.4780693609	-4.35524625701	390771.0
-9.96266731328	8.81558694255	247516.0
-10.576500014	9.24759427659	247603.0
-9.42444744128	8.65316525772	247669.0
-9.75865344683	8.9042279546	247080.0
18.9117302889	-3.94373513506	389092.0
-10.5289604027	9.12791901099	247707.0
-10.3301792913	9.1982057471	247734.0
-9.37808312854	8.65447144616	247596.0
18.8631888982	-3.98960815585	390819.0
-17.4086823823	5.14128654529	111005.0
-9.76751162715	8.92117365837	247459.0
-9.95175491261	9.02242302222	247436.0
-9.85367840264	9.2268490428	247644.0
-10.5099077295	9.11217266597	246926.0
-10.1198316521	9.14897636156	247460.0
-10.4831868012	9.13938346478	245979.0
-10.4424101162	9.31289819607	247179.0
-10.2172666306	8.87570774912	247684.0
3.6932185662	19.3149990126	177850.0
-13.605285846	5.05659763684	111659.0
-16.4588955059	-4.99918810286	122193.0
-11.2760238708	-7.17762668491	395372.0
-12.0244102285	-5.64118196399	396003.0
-5.32483695196	5.66214642696	156082.0
-10.7486228559	9.43920780593	388805.0
-11.5888734482	-6.32212455495	397957.0
-5.63254886082	5.66168219077	156410.0
-10.5931219676	9.48351955526	400508.0
-15.2737310448	-5.51491691227	122160.0
-11.5295387001	-6.5108668746	366974.0
-5.0363079909	6.21928603588	156578.0
-5.82751240376	6.47936035065	156164.0
-11.4182075298	-6.60682476785	396713.0
-11.7304761833	-5.77053020076	398465.0
1.40489485704	17.4092642841	134404.0
-7.27475662179	9.65636429575	397251.0
-13.6894270836	5.67572376225	111131.0
-10.4878259026	9.18795690241	247649.0
-6.20506271112	5.8609032268	156678.0
-15.4586941528	-5.42625913664	121867.0
-5.97030965921	7.14967527765	156664.0
-15.2822352036	-5.50448224427	122237.0
-11.8394714796	-5.88250039714	399573.0
-15.1831510229	-5.54905112385	122124.0
-2.41910054302	-13.4872914103	362859.0
-5.22332789647	7.07632491064	156622.0
-6.83901653313	10.2550525354	383212.0
1.21328737315	-18.1295601931	401055.0
-10.2672156905	9.93921966431	291722.0
-2.42683764095	-13.5917538376	344397.0
-7.41881837894	10.7749631448	387928.0
1.04414652352	16.9891779321	145608.0
-6.73526639814	11.3945933973	382946.0
1.25257629838	-17.681080305	397298.0
-10.2378303691	9.92034987364	291554.0
-2.52162286567	-12.6008880401	96698.0
-2.43812208431	-13.3826706242	344521.0
-7.72847867186	9.37560938597	346726.0
-2.46712568343	-13.8284691957	392026.0
-2.36530518977	-14.5441662401	346799.0
-2.38586097415	-14.4136351113	347209.0
-2.3703131296	-14.6158535689	347024.0
-6.75117160969	11.3917800572	388641.0
-7.65236624753	9.26012242078	213762.0
-7.48123384736	9.52515051409	215041.0
-2.3393919948	-14.9278849651	391344.0
-2.4166759574	-13.6857148107	392279.0
-2.30206842984	-15.1746603915	346779.0
-2.37732365809	-13.948639674	344015.0
-6.70404831446	11.5706124481	388493.0
-6.75464322125	11.2284893088	388976.0
-2.43765803968	-14.1560736276	346759.0
-2.42798962293	-13.5920140158	373411.0
-2.41766085149	-13.665866542	347229.0
-2.41773289942	-13.4273353125	344323.0
-2.46715683499	-13.455435715	373298.0
-7.08460198964	10.1800758518	387979.0
-2.3820193011	-14.1121815738	346872.0
-2.45212940835	-13.5979129497	362889.0
-7.19789323838	11.450060534	383090.0
-8.06262311465	9.43931331772	183798.0
-2.38650839704	-14.0319833767	347055.0
-5.65302358958	6.97484418993	156241.0
1.23561615845	-17.8813998981	396517.0
-2.52495944322	-14.091971772	362869.0
-6.80216678376	10.2008946488	387329.0
-5.16380102175	7.35645280647	388969.0
15.7738771134	-3.39192518341	388558.0
-11.4228111881	-6.7660728481	372236.0
-6.37928332703	7.90084394812	387320.0
-11.2634271273	-7.10125498729	395018.0
-11.2325098113	-7.25200317774	394338.0
-11.2579319355	-7.34333765322	345502.0
18.0536515636	-4.79430407853	388656.0
-12.1294325861	-5.89918917499	368964.0
-11.7852982259	-6.11601744771	390642.0
17.0384855031	-3.20646084968	389038.0
-4.63292655249	7.32241385383	388981.0
-4.71511886127	7.21845021925	388879.0
-10.3145629631	8.72419855232	247718.0
-11.5811489934	-5.93871807386	382901.0
-7.1160319297	9.34029483744	388895.0
